{
  "total_samples": 360,
  "overall_metrics": {
    "true_positives": 1027,
    "false_positives": 168,
    "false_negatives": 72,
    "partial_matches": 34,
    "label_mismatches": 95,
    "precision": 0.8594142259414226,
    "recall": 0.9344858962693358,
    "f1_score": 0.8953792502179599
  },
  "language_metrics": {
    "English": {
      "total_samples": 60,
      "precision": 0.8712871287128713,
      "recall": 0.9263157894736842,
      "f1_score": 0.8979591836734693,
      "true_positives": 176,
      "false_positives": 26,
      "false_negatives": 14
    },
    "Italian": {
      "total_samples": 60,
      "precision": 0.8415841584158416,
      "recall": 0.9444444444444444,
      "f1_score": 0.8900523560209423,
      "true_positives": 170,
      "false_positives": 32,
      "false_negatives": 10
    },
    "Spanish": {
      "total_samples": 60,
      "precision": 0.864321608040201,
      "recall": 0.945054945054945,
      "f1_score": 0.9028871391076114,
      "true_positives": 172,
      "false_positives": 27,
      "false_negatives": 10
    },
    "German": {
      "total_samples": 60,
      "precision": 0.817258883248731,
      "recall": 0.8994413407821229,
      "f1_score": 0.8563829787234043,
      "true_positives": 161,
      "false_positives": 36,
      "false_negatives": 18
    },
    "Portuguese": {
      "total_samples": 60,
      "precision": 0.8934010152284264,
      "recall": 0.9411764705882353,
      "f1_score": 0.9166666666666666,
      "true_positives": 176,
      "false_positives": 21,
      "false_negatives": 11
    },
    "French": {
      "total_samples": 60,
      "precision": 0.8686868686868687,
      "recall": 0.9502762430939227,
      "f1_score": 0.9076517150395779,
      "true_positives": 172,
      "false_positives": 26,
      "false_negatives": 9
    }
  },
  "entity_type_metrics": {
    "person": {
      "true_positives": 168,
      "false_positives": 27,
      "false_negatives": 0,
      "precision": 0.8615384615384616,
      "recall": 1.0,
      "f1_score": 0.9256198347107438
    },
    "organization": {
      "true_positives": 60,
      "false_positives": 41,
      "false_negatives": 0,
      "precision": 0.594059405940594,
      "recall": 1.0,
      "f1_score": 0.7453416149068323
    },
    "email_address": {
      "true_positives": 48,
      "false_positives": 0,
      "false_negatives": 0,
      "precision": 1.0,
      "recall": 1.0,
      "f1_score": 1.0
    },
    "mobile_phone_number": {
      "true_positives": 31,
      "false_positives": 0,
      "false_negatives": 0,
      "precision": 1.0,
      "recall": 1.0,
      "f1_score": 1.0
    },
    "social_security_number": {
      "true_positives": 24,
      "false_positives": 0,
      "false_negatives": 0,
      "precision": 1.0,
      "recall": 1.0,
      "f1_score": 1.0
    },
    "address": {
      "true_positives": 54,
      "false_positives": 0,
      "false_negatives": 0,
      "precision": 1.0,
      "recall": 1.0,
      "f1_score": 1.0
    },
    "date_of_birth": {
      "true_positives": 42,
      "false_positives": 0,
      "false_negatives": 0,
      "precision": 1.0,
      "recall": 1.0,
      "f1_score": 1.0
    },
    "medical_condition": {
      "true_positives": 42,
      "false_positives": 0,
      "false_negatives": 0,
      "precision": 1.0,
      "recall": 1.0,
      "f1_score": 1.0
    },
    "medication": {
      "true_positives": 42,
      "false_positives": 0,
      "false_negatives": 0,
      "precision": 1.0,
      "recall": 1.0,
      "f1_score": 1.0
    },
    "tax_identification_number": {
      "true_positives": 34,
      "false_positives": 0,
      "false_negatives": 0,
      "precision": 1.0,
      "recall": 1.0,
      "f1_score": 1.0
    },
    "national_id_number": {
      "true_positives": 27,
      "false_positives": 0,
      "false_negatives": 0,
      "precision": 1.0,
      "recall": 1.0,
      "f1_score": 1.0
    },
    "transaction_number": {
      "true_positives": 36,
      "false_positives": 0,
      "false_negatives": 0,
      "precision": 1.0,
      "recall": 1.0,
      "f1_score": 1.0
    },
    "credit_card_brand": {
      "true_positives": 31,
      "false_positives": 3,
      "false_negatives": 0,
      "precision": 0.9117647058823529,
      "recall": 1.0,
      "f1_score": 0.9538461538461539
    },
    "credit_card_expiration_date": {
      "true_positives": 35,
      "false_positives": 0,
      "false_negatives": 0,
      "precision": 1.0,
      "recall": 1.0,
      "f1_score": 1.0
    },
    "credit_card_cvv": {
      "true_positives": 19,
      "false_positives": 0,
      "false_negatives": 0,
      "precision": 1.0,
      "recall": 1.0,
      "f1_score": 1.0
    },
    "username": {
      "true_positives": 17,
      "false_positives": 0,
      "false_negatives": 0,
      "precision": 1.0,
      "recall": 1.0,
      "f1_score": 1.0
    },
    "digital_signature": {
      "true_positives": 16,
      "false_positives": 0,
      "false_negatives": 0,
      "precision": 1.0,
      "recall": 1.0,
      "f1_score": 1.0
    },
    "fax_number": {
      "true_positives": 36,
      "false_positives": 0,
      "false_negatives": 0,
      "precision": 1.0,
      "recall": 1.0,
      "f1_score": 1.0
    },
    "social_media_handle": {
      "true_positives": 36,
      "false_positives": 0,
      "false_negatives": 0,
      "precision": 1.0,
      "recall": 1.0,
      "f1_score": 1.0
    },
    "iban": {
      "true_positives": 12,
      "false_positives": 0,
      "false_negatives": 0,
      "precision": 1.0,
      "recall": 1.0,
      "f1_score": 1.0
    },
    "bank_account_number": {
      "true_positives": 17,
      "false_positives": 0,
      "false_negatives": 0,
      "precision": 1.0,
      "recall": 1.0,
      "f1_score": 1.0
    },
    "passport_number": {
      "true_positives": 41,
      "false_positives": 1,
      "false_negatives": 0,
      "precision": 0.9761904761904762,
      "recall": 1.0,
      "f1_score": 0.9879518072289156
    },
    "passport_expiration_date": {
      "true_positives": 34,
      "false_positives": 0,
      "false_negatives": 0,
      "precision": 1.0,
      "recall": 1.0,
      "f1_score": 1.0
    },
    "flight_number": {
      "true_positives": 41,
      "false_positives": 1,
      "false_negatives": 0,
      "precision": 0.9761904761904762,
      "recall": 1.0,
      "f1_score": 0.9879518072289156
    },
    "landline_phone_number": {
      "true_positives": 6,
      "false_positives": 0,
      "false_negatives": 0,
      "precision": 1.0,
      "recall": 1.0,
      "f1_score": 1.0
    },
    "student_id_number": {
      "true_positives": 0,
      "false_positives": 0,
      "false_negatives": 0,
      "precision": 0.0,
      "recall": 0.0,
      "f1_score": 0.0
    },
    "credit_card_number": {
      "true_positives": 35,
      "false_positives": 0,
      "false_negatives": 0,
      "precision": 1.0,
      "recall": 1.0,
      "f1_score": 1.0
    },
    "ip_address": {
      "true_positives": 14,
      "false_positives": 0,
      "false_negatives": 0,
      "precision": 1.0,
      "recall": 1.0,
      "f1_score": 1.0
    },
    "license_plate_number": {
      "true_positives": 20,
      "false_positives": 0,
      "false_negatives": 0,
      "precision": 1.0,
      "recall": 1.0,
      "f1_score": 1.0
    },
    "vehicle_registration_number": {
      "true_positives": 9,
      "false_positives": 0,
      "false_negatives": 0,
      "precision": 1.0,
      "recall": 1.0,
      "f1_score": 1.0
    }
  },
  "sample_failures": [
    {
      "index": 0,
      "language": "English",
      "text": "Customer profile: Sarah Wilson from TechVision Ltd, email: sarah.wilson34@example.com, phone: +5-853...",
      "false_positives": 1,
      "false_negatives": 0
    },
    {
      "index": 2,
      "language": "Spanish",
      "text": "Verificación de identidad completa para Maria Garcia: NSS 815-18-7786, NIF TIN480716, ID Nacional ID...",
      "false_positives": 1,